{"_timestamp":1.7660125072574654e+09,"confusion_matrix":{"path":"media/images/confusion_matrix_3_59c0170ba3deab6fe402.png","format":"png","width":600,"height":600,"_type":"image-file","sha256":"59c0170ba3deab6fe402faecf2bbbec4a5468acf17ce468cec741fa2d7883e1b","size":29992},"_wandb":{"runtime":48},"train_loss":0.15979592747827795,"f1_global":0.971,"epoch":1,"_step":4,"_runtime":48,"precision_global":0.971,"test_loss":0.09325065417215228,"recall_global":0.971,"final_confusion_matrix":{"format":"png","width":640,"height":480,"_type":"image-file","sha256":"5f6cbc43f6546a42691febafa7f85d9114b80787244c8146277b14fba717f68e","size":35008,"path":"media/images/final_confusion_matrix_4_5f6cbc43f6546a42691f.png"}}