{"f1_global":0.9831,"_step":1,"epoch":0,"train_loss":0.0071935580482838995,"_timestamp":1.7660049095194402e+09,"recall_global":0.9831,"_runtime":381,"confusion_matrix":{"_type":"image-file","sha256":"21660358f720fb4e77a0770698c82117cf955c3dbee7d3ffabedd9e85bad2159","size":36344,"path":"media/images/confusion_matrix_1_21660358f720fb4e77a0.png","format":"png","width":600,"height":600},"precision_global":0.9831,"_wandb":{"runtime":381},"test_loss":0.0026489678097497767}