{"test_loss":0.08594642631942406,"f1_global":0.972,"confusion_matrix":{"size":30564,"path":"media/images/confusion_matrix_5_d3525847f48edab29b8b.png","format":"png","width":600,"height":600,"_type":"image-file","sha256":"d3525847f48edab29b8b7797fc64262dd929a2f5f7a838b18f26ed85cdd25209"},"final_confusion_matrix":{"path":"media/images/final_confusion_matrix_6_8f3c35c258f9e20047ed.png","format":"png","width":640,"height":480,"_type":"image-file","sha256":"8f3c35c258f9e20047ed2e2558396e06b5d77561d1d9dedd673a59bdc95dbdf1","size":35439},"_wandb":{"runtime":67},"_step":6,"precision_global":0.972,"train_loss":0.06924912636663685,"recall_global":0.972,"_runtime":67,"epoch":4,"_timestamp":1.7660126344058576e+09}