{"f1_global":0.972,"_timestamp":1.766011974987694e+09,"precision_global":0.972,"recall_global":0.972,"confusion_matrix":{"height":600,"_type":"image-file","sha256":"9024c708548f6883c48f0ed5126f3639a14703b4e128130408d0525183022d89","size":29712,"path":"media/images/confusion_matrix_3_9024c708548f6883c48f.png","format":"png","width":600},"_wandb":{"runtime":47},"_runtime":47,"train_loss":0.15049846569432856,"test_loss":0.08756462845485657,"epoch":1,"_step":3}