{"_runtime":2698,"epoch":10,"recall_global":0.9926,"f1_global":0.9926,"final_confusion_matrix":{"path":"media/images/final_confusion_matrix_22_714ae7fe6a05692c74fd.png","format":"png","width":640,"height":480,"_type":"image-file","sha256":"714ae7fe6a05692c74fd03096689118f4d793d1af0f184899b83f63812a73554","size":38999},"_wandb":{"runtime":2698},"_timestamp":1.7660090461536102e+09,"precision_global":0.9926,"train_loss":0.018600284710344583,"test_loss":0.02520721186621867,"_step":22,"confusion_matrix":{"sha256":"0808f3731af70235ecefa464a488c6a4231c1d31ab5ac8238ffc637098f8b6c8","size":34194,"path":"media/images/confusion_matrix_21_0808f3731af70235ecef.png","format":"png","width":600,"height":600,"_type":"image-file"}}