{"test_loss":0.04393121809698641,"confusion_matrix":{"size":29696,"path":"media/images/confusion_matrix_9_b0360dad34d0a011d34a.png","format":"png","width":600,"height":600,"_type":"image-file","sha256":"b0360dad34d0a011d34a52bc2d9f73624a18d698d755e038f498d87b863e2e4f"},"_runtime":109,"_timestamp":1.7660108485838282e+09,"precision_global":0.98,"recall_global":0.98,"_wandb":{"runtime":109},"train_loss":0.05889290107037634,"epoch":4,"_step":9,"f1_global":0.98}