{"_wandb":{"runtime":114},"test_loss":0.08516682306071743,"precision_global":0.969,"recall_global":0.969,"_step":3,"train_loss":0.11155147513404409,"_runtime":114,"_timestamp":1.7660100774959373e+09,"f1_global":0.969,"epoch":1,"confusion_matrix":{"size":31327,"path":"media/images/confusion_matrix_3_be810776699756bb53ca.png","format":"png","width":600,"height":600,"_type":"image-file","sha256":"be810776699756bb53caac7c18bb2ec320ab29e50f2162a22f17b952fe91b764"}}