{"_step":5,"confusion_matrix":{"_type":"image-file","sha256":"18b739fa93737611c99223c0f147dcaf36d39ec20e2651b7340f31b6f4751ab0","size":30631,"path":"media/images/confusion_matrix_5_18b739fa93737611c992.png","format":"png","width":600,"height":600},"test_loss":0.09076826018281281,"_wandb":{"runtime":71},"_runtime":71,"_timestamp":1.7660115925201168e+09,"train_loss":0.10384364289409936,"epoch":2,"precision_global":0.971,"recall_global":0.971,"f1_global":0.971}