{"_wandb":{"runtime":154},"_timestamp":1.7660111779146638e+09,"confusion_matrix":{"format":"png","width":600,"height":600,"_type":"image-file","sha256":"1cad84f8eda6895a252e5451344864c18a82d7eaccf6393abd764f92ca46a395","size":29859,"path":"media/images/confusion_matrix_5_1cad84f8eda6895a252e.png"},"epoch":2,"train_loss":0.1038790317450432,"_runtime":154,"recall_global":0.969,"f1_global":0.969,"test_loss":0.08889536769129336,"precision_global":0.969,"final_confusion_matrix":{"path":"media/images/final_confusion_matrix_6_e152e032a4b8dca84a2f.png","format":"png","width":640,"height":480,"_type":"image-file","sha256":"e152e032a4b8dca84a2f58a77cfbec64e154cdf4ffc293616ed8ff9e26da2f0c","size":34829},"_step":6}