{"train_loss":0.0821013267132196,"f1_global":0.9805,"precision_global":0.9805,"final_confusion_matrix":{"sha256":"26660109b8b0bfb5ba4c9996d4ec2f0135eacef73af68f311c926476e3252373","size":35458,"path":"media/images/final_confusion_matrix_2_26660109b8b0bfb5ba4c.png","format":"png","width":640,"height":480,"_type":"image-file"},"confusion_matrix":{"sha256":"85572a9b240d651e73f3c6c9c3d4b0f990827b30b06ae02c824016549ac4f220","size":30412,"path":"media/images/confusion_matrix_1_85572a9b240d651e73f3.png","format":"png","width":600,"height":600,"_type":"image-file"},"_wandb":{"runtime":49},"_timestamp":1.7660127397364538e+09,"_step":2,"test_loss":0.06432241993024945,"epoch":5,"recall_global":0.9805,"_runtime":49}