{"test_loss":0.11619500385131687,"epoch":0,"confusion_matrix":{"path":"media/images/confusion_matrix_1_143e9ed26932006271cf.png","format":"png","width":600,"height":600,"_type":"image-file","sha256":"143e9ed26932006271cf66d1005475e5329d396ec01e9e9374aa88221589a773","size":31926},"_runtime":49,"_timestamp":1.766010480120146e+09,"f1_global":0.9645,"recall_global":0.9645,"precision_global":0.9645,"_wandb":{"runtime":49},"train_loss":0.41923887455003694,"_step":1}