{"test_loss":0.07115110498853028,"recall_global":0.977,"_step":4,"epoch":1,"_runtime":44,"_timestamp":1.7660120581451561e+09,"_wandb":{"runtime":44},"confusion_matrix":{"path":"media/images/confusion_matrix_3_239e60cd1060b92db271.png","format":"png","width":600,"height":600,"_type":"image-file","sha256":"239e60cd1060b92db2714128b6ff69e75979bdf034bd3dc6e587a7df43d29a69","size":29459},"precision_global":0.977,"final_confusion_matrix":{"size":34666,"path":"media/images/final_confusion_matrix_4_050b9b0ab62e89d1aba4.png","format":"png","width":640,"height":480,"_type":"image-file","sha256":"050b9b0ab62e89d1aba43ffe5ea8f958010488d015bb04dc52087a3ad116bb8f"},"f1_global":0.977,"train_loss":0.14064000939276625}