{"recall_global":0.938,"_wandb":{"runtime":54},"_runtime":54,"f1_global":0.938,"test_loss":0.17516171047464013,"precision_global":0.938,"confusion_matrix":{"width":600,"height":600,"_type":"image-file","sha256":"992d011c09cbf2a759745c506e2c2ba44ff40fc7a5942ef63a35c3eef6eaa0b3","size":33129,"path":"media/images/confusion_matrix_1_992d011c09cbf2a75974.png","format":"png"},"_timestamp":1.7660106971899772e+09,"train_loss":0.4037191703162612,"epoch":0,"_step":1}