{"f1_global":0.987,"train_loss":0.0025288749787550384,"recall_global":0.987,"confusion_matrix":{"height":600,"_type":"image-file","sha256":"758c943405234eccb5847eb470cb44bf72de4234da2302ca8800a38ee5908aa0","size":35961,"path":"media/images/confusion_matrix_7_758c943405234eccb584.png","format":"png","width":600},"test_loss":0.002008192383781398,"_wandb":{"runtime":1258},"_step":7,"epoch":3,"_timestamp":1.7660059509370213e+09,"precision_global":0.987,"_runtime":1258}