{"epoch":1,"final_confusion_matrix":{"format":"png","width":640,"height":480,"_type":"image-file","sha256":"2d60a76a7c0f9c2dc6144d610272615cb00a943691820f6a719c3a97a2d8773f","size":35671,"path":"media/images/final_confusion_matrix_4_2d60a76a7c0f9c2dc614.png"},"_wandb":{"runtime":50},"train_loss":0.15048164307595568,"test_loss":0.1146708227461204,"_step":4,"precision_global":0.961,"_runtime":50,"_timestamp":1.7660117616251066e+09,"f1_global":0.961,"confusion_matrix":{"size":30503,"path":"media/images/confusion_matrix_3_ae9bad9b558ee5f7b3cb.png","format":"png","width":600,"height":600,"_type":"image-file","sha256":"ae9bad9b558ee5f7b3cbb397a5b763bb54c26f10aacb32b6357e37431dae10ee"},"recall_global":0.961}