{
    "0": {
        "digit": 0,
        "TP": 174,
        "FP": 2,
        "FN": 1,
        "precision": 0.9886363636363636,
        "recall": 0.9942857142857143,
        "f1_score": 0.9914529914529915
    },
    "1": {
        "digit": 1,
        "TP": 232,
        "FP": 3,
        "FN": 2,
        "precision": 0.9872340425531915,
        "recall": 0.9914529914529915,
        "f1_score": 0.9893390191897654
    },
    "2": {
        "digit": 2,
        "TP": 217,
        "FP": 7,
        "FN": 2,
        "precision": 0.96875,
        "recall": 0.9908675799086758,
        "f1_score": 0.9796839729119637
    },
    "3": {
        "digit": 3,
        "TP": 203,
        "FP": 2,
        "FN": 4,
        "precision": 0.9902439024390244,
        "recall": 0.9806763285024155,
        "f1_score": 0.9854368932038836
    },
    "4": {
        "digit": 4,
        "TP": 211,
        "FP": 3,
        "FN": 6,
        "precision": 0.985981308411215,
        "recall": 0.9723502304147466,
        "f1_score": 0.9791183294663575
    },
    "5": {
        "digit": 5,
        "TP": 177,
        "FP": 7,
        "FN": 2,
        "precision": 0.9619565217391305,
        "recall": 0.9888268156424581,
        "f1_score": 0.9752066115702479
    },
    "6": {
        "digit": 6,
        "TP": 175,
        "FP": 4,
        "FN": 3,
        "precision": 0.9776536312849162,
        "recall": 0.9831460674157303,
        "f1_score": 0.9803921568627452
    },
    "7": {
        "digit": 7,
        "TP": 199,
        "FP": 5,
        "FN": 6,
        "precision": 0.9754901960784313,
        "recall": 0.9707317073170731,
        "f1_score": 0.9731051344743276
    },
    "8": {
        "digit": 8,
        "TP": 182,
        "FP": 1,
        "FN": 10,
        "precision": 0.994535519125683,
        "recall": 0.9479166666666666,
        "f1_score": 0.9706666666666666
    },
    "9": {
        "digit": 9,
        "TP": 191,
        "FP": 5,
        "FN": 3,
        "precision": 0.9744897959183674,
        "recall": 0.9845360824742269,
        "f1_score": 0.9794871794871796
    },
    "global": {
        "precision": 0.9805,
        "recall": 0.9805,
        "f1_score": 0.9805
    },
    "macro": {
        "precision": 0.9804971281186322,
        "recall": 0.9804790184080698,
        "f1_score": 0.9803888955286129
    }
}